INSERT INTO TRACK (TRACK_ID, TRACK_TITLE, TRACK_ARTIST, ALBUM_NAME, YEAR, TIP_ONE, TIP_TWO, LYRICS_START, TRACK_URL,
                   WIKI_URL, QUIZ_ID, TASK_ID) VALUES (1001, 'Heart Shaped Box', 'Nirvana', 'In Utero', 1993,
                  'First Tip', 'Second Tip', '00:24:125', 'track url', 'wikipedia url', 10, 1);
INSERT INTO TRACK (TRACK_ID, TRACK_TITLE, TRACK_ARTIST, ALBUM_NAME, YEAR, TIP_ONE, TIP_TWO, LYRICS_START, TRACK_URL,
                   WIKI_URL, QUIZ_ID, TASK_ID) VALUES (1002, 'November Rain', 'Guns n Roses', 'Use Your Illusion', 1992,
                  'First Tip', 'Second Tip', '00:24:125', 'track url', 'wikipedia url', 10, 1);
INSERT INTO TRACK (TRACK_ID, TRACK_TITLE, TRACK_ARTIST, ALBUM_NAME, YEAR, TIP_ONE, TIP_TWO, LYRICS_START, TRACK_URL,
                   WIKI_URL, QUIZ_ID, TASK_ID) VALUES (1003, 'Enter Sandman', 'Metallica', 'Metallica', 1991,
                  'First Tip', 'Second Tip', '00:24:125', 'track url', 'wikipedia url', 10, 1);
INSERT INTO TRACK (TRACK_ID, TRACK_TITLE, TRACK_ARTIST, ALBUM_NAME, YEAR, TIP_ONE, TIP_TWO, LYRICS_START, TRACK_URL,
                   WIKI_URL, QUIZ_ID, TASK_ID) VALUES (1004, 'Pull Me Under', 'Dream Theater', 'Images and Words', 1992,
                  'First Tip', 'Second Tip', '00:24:125', 'track url', 'wikipedia url', 10, 2);
INSERT INTO TRACK (TRACK_ID, TRACK_TITLE, TRACK_ARTIST, ALBUM_NAME, YEAR, TIP_ONE, TIP_TWO, LYRICS_START, TRACK_URL,
                   WIKI_URL, QUIZ_ID, TASK_ID) VALUES (1005, 'T.N.T.', 'ACDC', 'T.N.T.', 1975,
                  'First Tip', 'Second Tip', '00:24:125', 'track url', 'wikipedia url', 10, 2);
INSERT INTO TRACK (TRACK_ID, TRACK_TITLE, TRACK_ARTIST, ALBUM_NAME, YEAR, TIP_ONE, TIP_TWO, LYRICS_START, TRACK_URL,
                   WIKI_URL, QUIZ_ID, TASK_ID) VALUES (1006, 'Stairway To Heaven', 'Led Zeppelin', 'IV', 1971,
                  'First Tip', 'Second Tip', '00:24:125', 'track url', 'wikipedia url', 11, 1);
INSERT INTO TRACK (TRACK_ID, TRACK_TITLE, TRACK_ARTIST, ALBUM_NAME, YEAR, TIP_ONE, TIP_TWO, LYRICS_START, TRACK_URL,
                   WIKI_URL, QUIZ_ID, TASK_ID) VALUES (1007, 'Master Of Puppets', 'Metallica', 'Master Of Puppets', 1986,
                  'First Tip', 'Second Tip', '00:24:125', 'track url', 'wikipedia url', 11, 1);
INSERT INTO TRACK (TRACK_ID, TRACK_TITLE, TRACK_ARTIST, ALBUM_NAME, YEAR, TIP_ONE, TIP_TWO, LYRICS_START, TRACK_URL,
                   WIKI_URL, QUIZ_ID, TASK_ID) VALUES (1008, 'Iron Man', 'Black Sabbath', 'Paranoid', 1971,
                  'First Tip', 'Second Tip', '00:24:125', 'track url', 'wikipedia url', 11, 2);
INSERT INTO TRACK (TRACK_ID, TRACK_TITLE, TRACK_ARTIST, ALBUM_NAME, YEAR, TIP_ONE, TIP_TWO, LYRICS_START, TRACK_URL,
                   WIKI_URL, QUIZ_ID, TASK_ID) VALUES (1009, 'Child In Time', 'Deep Purple', 'Deep Purple in Rock', 1970,
                  'First Tip', 'Second Tip', '00:24:125', 'track url', 'wikipedia url', 11, 2);
INSERT INTO TRACK (TRACK_ID, TRACK_TITLE, TRACK_ARTIST, ALBUM_NAME, YEAR, TIP_ONE, TIP_TWO, LYRICS_START, TRACK_URL,
                   WIKI_URL, QUIZ_ID, TASK_ID) VALUES (1010, 'Rainbow in the Dark', 'Dio', 'Holy Diver', 1983,
                  'First Tip', 'Second Tip', '00:24:125', 'track url', 'wikipedia url', 11, 2);

INSERT INTO USERS (USER_ID, USER_NAME, USER_PASS, EMAIL, USER_ROLE) VALUES (1, 'user1', 'qwerty', 'user1@email.com', 'user');
INSERT INTO USERS (USER_ID, USER_NAME, USER_PASS, EMAIL, USER_ROLE) VALUES (2, 'user2', 'qwerty', 'user2@email.com', 'user');
INSERT INTO USERS (USER_ID, USER_NAME, USER_PASS, EMAIL, USER_ROLE) VALUES (3, 'admin', 'qwerty', 'admin@email.com', 'admin');

INSERT INTO ANSWER (ANSWER_ID, ANSWERED_TITLE, ANSWERED_ARTIST, ANSWER_TIME, TRACK_ID, USER_ID) VALUES (1, 'title', 'artist', '00:24:124', 1001, 1);
INSERT INTO ANSWER (ANSWER_ID, ANSWERED_TITLE, ANSWERED_ARTIST, ANSWER_TIME, TRACK_ID, USER_ID) VALUES (2, 'title', 'artist', '00:24:124', 1002, 1);
INSERT INTO ANSWER (ANSWER_ID, ANSWERED_TITLE, ANSWERED_ARTIST, ANSWER_TIME, TRACK_ID, USER_ID) VALUES (3, 'title', 'artist', '00:24:124', 1003, 1);
INSERT INTO ANSWER (ANSWER_ID, ANSWERED_TITLE, ANSWERED_ARTIST, ANSWER_TIME, TRACK_ID, USER_ID) VALUES (4, 'title', 'artist', '00:24:124', 1004, 1);
INSERT INTO ANSWER (ANSWER_ID, ANSWERED_TITLE, ANSWERED_ARTIST, ANSWER_TIME, TRACK_ID, USER_ID) VALUES (5, 'title', 'artist', '00:24:124', 1005, 1);
INSERT INTO ANSWER (ANSWER_ID, ANSWERED_TITLE, ANSWERED_ARTIST, ANSWER_TIME, TRACK_ID, USER_ID) VALUES (6, 'title', 'artist', '00:24:124', 1006, 1);
INSERT INTO ANSWER (ANSWER_ID, ANSWERED_TITLE, ANSWERED_ARTIST, ANSWER_TIME, TRACK_ID, USER_ID) VALUES (7, 'title', 'artist', '00:24:124', 1007, 1);
INSERT INTO ANSWER (ANSWER_ID, ANSWERED_TITLE, ANSWERED_ARTIST, ANSWER_TIME, TRACK_ID, USER_ID) VALUES (8, 'title', 'artist', '00:24:124', 1008, 1);
INSERT INTO ANSWER (ANSWER_ID, ANSWERED_TITLE, ANSWERED_ARTIST, ANSWER_TIME, TRACK_ID, USER_ID) VALUES (9, 'title', 'artist', '00:24:124', 1009, 1);
INSERT INTO ANSWER (ANSWER_ID, ANSWERED_TITLE, ANSWERED_ARTIST, ANSWER_TIME, TRACK_ID, USER_ID) VALUES (10, 'title', 'artist', '00:24:124', 1010, 1);
INSERT INTO ANSWER (ANSWER_ID, ANSWERED_TITLE, ANSWERED_ARTIST, ANSWER_TIME, TRACK_ID, USER_ID) VALUES (11, 'title', 'artist', '00:24:124', 1001, 2);
INSERT INTO ANSWER (ANSWER_ID, ANSWERED_TITLE, ANSWERED_ARTIST, ANSWER_TIME, TRACK_ID, USER_ID) VALUES (12, 'title', 'artist', '00:24:124', 1002, 2);
INSERT INTO ANSWER (ANSWER_ID, ANSWERED_TITLE, ANSWERED_ARTIST, ANSWER_TIME, TRACK_ID, USER_ID) VALUES (13, 'title', 'artist', '00:24:124', 1003, 2);
INSERT INTO ANSWER (ANSWER_ID, ANSWERED_TITLE, ANSWERED_ARTIST, ANSWER_TIME, TRACK_ID, USER_ID) VALUES (14, 'title', 'artist', '00:24:124', 1004, 2);
INSERT INTO ANSWER (ANSWER_ID, ANSWERED_TITLE, ANSWERED_ARTIST, ANSWER_TIME, TRACK_ID, USER_ID) VALUES (15, 'title', 'artist', '00:24:124', 1005, 2);
INSERT INTO ANSWER (ANSWER_ID, ANSWERED_TITLE, ANSWERED_ARTIST, ANSWER_TIME, TRACK_ID, USER_ID) VALUES (16, 'title', 'artist', '00:24:124', 1006, 2);
INSERT INTO ANSWER (ANSWER_ID, ANSWERED_TITLE, ANSWERED_ARTIST, ANSWER_TIME, TRACK_ID, USER_ID) VALUES (17, 'title', 'artist', '00:24:124', 1007, 2);
INSERT INTO ANSWER (ANSWER_ID, ANSWERED_TITLE, ANSWERED_ARTIST, ANSWER_TIME, TRACK_ID, USER_ID) VALUES (18, 'title', 'artist', '00:24:124', 1008, 2);
INSERT INTO ANSWER (ANSWER_ID, ANSWERED_TITLE, ANSWERED_ARTIST, ANSWER_TIME, TRACK_ID, USER_ID) VALUES (19, 'title', 'artist', '00:24:124', 1009, 2);
INSERT INTO ANSWER (ANSWER_ID, ANSWERED_TITLE, ANSWERED_ARTIST, ANSWER_TIME, TRACK_ID, USER_ID) VALUES (20, 'title', 'artist', '00:24:124', 1010, 2);
INSERT INTO ANSWER (ANSWER_ID, ANSWERED_TITLE, ANSWERED_ARTIST, ANSWER_TIME, TRACK_ID, USER_ID) VALUES (21, 'title', 'artist', '00:24:124', 1001, 3);
INSERT INTO ANSWER (ANSWER_ID, ANSWERED_TITLE, ANSWERED_ARTIST, ANSWER_TIME, TRACK_ID, USER_ID) VALUES (22, 'title', 'artist', '00:24:124', 1002, 3);
INSERT INTO ANSWER (ANSWER_ID, ANSWERED_TITLE, ANSWERED_ARTIST, ANSWER_TIME, TRACK_ID, USER_ID) VALUES (23, 'title', 'artist', '00:24:124', 1003, 3);


